UMI	median_counts_pre	times_observed_pre	total_counts_pre	median_counts_post	times_observed_post	total_counts_post
AAAAA	1	514	563	1	491	545
AAAAC	1	320	345	1	315	350
AAAAG	1	550	601	1	531	594
AAAAT	1	1063	1173	1	1021	1158
AAACA	1	696	772	1	676	766
AAACC	1	341	372	1	328	359
AAACG	1	479	518	1	461	516
AAACT	1	1147	1282	1	1108	1280
AAAGA	1	448	491	1	428	473
AAAGC	1	320	364	1	308	360
AAAGG	1	566	625	1	544	618
AAAGT	1	946	1057	1	887	1005
AAATA	1	1094	1208	1	1056	1192
AAATC	1	582	643	1	571	643
AAATG	1	962	1064	1	932	1083
AAATT	1	1899	2110	1	1770	2045
AACAA	1	652	718	1	638	715
AACAC	1	373	408	1	361	400
AACAG	1	365	404	1	352	398
AACAT	1	1125	1242	1	1071	1215
AACCA	1	586	654	1	562	636
AACCC	1	296	335	1	284	334
AACCG	1	306	341	1	289	326
AACCT	1	1009	1118	1	964	1100
AACGA	1	510	561	1	495	552
AACGC	1	279	317	1	276	326
AACGG	1	657	722	1	631	706
AACGT	1	861	948	1	826	943
AACTA	1	1043	1172	1	1007	1173
AACTC	1	552	608	1	535	595
AACTG	1	944	1050	1	903	1039
AACTT	1	1898	2113	1	1795	2077
AAGAA	1	439	486	1	425	480
AAGAC	1	119	128	1	114	123
AAGAG	1	444	486	1	428	496
AAGAT	1	707	781	1	661	764
AAGCA	1	764	856	1	723	831
AAGCC	1	424	463	1	401	444
AAGCG	1	724	833	1	681	822
AAGCT	1	1201	1315	1	1136	1298
AAGGA	1	656	731	1	639	726
AAGGC	1	407	450	1	398	459
AAGGG	1	837	940	1	802	927
AAGGT	1	1243	1374	1	1210	1412
AAGTA	1	1090	1215	1	1058	1244
AAGTC	1	717	794	1	689	771
AAGTG	1	1144	1266	1	1092	1262
AAGTT	1	1832	2058	1	1697	2021
AATAA	1	1293	1437	1	1257	1492
AATAC	1	659	734	1	634	719
AATAG	1	1084	1201	1	1051	1219
AATAT	1	2069	2289	1	1918	2296
AATCA	1	1268	1390	1	1222	1385
AATCC	1	749	823	1	724	834
AATCG	1	1088	1194	1	1020	1137
AATCT	1	1859	2078	1	1780	2129
AATGA	1	1219	1353	1	1168	1394
AATGC	1	759	845	1	716	804
AATGG	1	1345	1507	1	1260	1460
AATGT	1	2201	2440	1	2070	2396
AATTA	1	2084	2300	1	1953	2413
AATTC	1	980	1108	1	949	1126
AATTG	1	1777	1997	1	1648	1962
AATTT	1	3539	3975	1	3215	3806
ACAAA	1	826	929	1	792	922
ACAAC	1	502	556	1	491	555
ACAAG	1	689	761	1	647	725
ACAAT	1	1430	1597	1	1336	1518
ACACA	1	880	986	1	850	971
ACACC	1	443	489	1	433	493
ACACG	1	661	727	1	650	755
ACACT	1	1409	1552	1	1325	1550
ACAGA	1	556	616	1	542	624
ACAGC	1	386	426	1	378	425
ACAGG	1	846	937	1	824	935
ACAGT	1	953	1066	1	912	1066
ACATA	1	1484	1657	1	1427	1649
ACATC	1	743	824	1	724	820
ACATG	1	1282	1439	1	1194	1372
ACATT	1	2458	2777	1	2311	2827
ACCAA	1	759	831	1	742	843
ACCAC	1	371	410	1	357	400
ACCAG	1	411	453	1	403	459
ACCAT	1	1335	1493	1	1264	1447
ACCCA	1	657	740	1	636	736
ACCCC	1	191	210	1	187	211
ACCCG	1	416	466	1	411	476
ACCCT	1	1008	1116	1	935	1074
ACCGA	1	539	590	1	514	576
ACCGC	1	256	284	1	251	281
ACCGG	1	630	695	1	616	691
ACCGT	1	856	947	1	806	958
ACCTA	1	1096	1224	1	1063	1272
ACCTC	1	526	584	1	512	599
ACCTG	1	1033	1149	1	975	1130
ACCTT	1	1857	2079	1	1735	2067
ACGAA	1	1020	1147	1	972	1154
ACGAC	1	391	433	1	381	432
ACGAG	1	1095	1205	1	1029	1154
ACGAT	1	1625	1834	1	1538	1916
ACGCA	1	1036	1175	1	1009	1188
ACGCC	1	469	522	1	448	503
ACGCG	1	1030	1159	1	994	1153
ACGCT	1	1452	1620	1	1375	1581
ACGGA	1	1103	1221	1	1044	1181
ACGGC	1	563	638	1	531	613
ACGGG	1	962	1064	1	929	1084
ACGGT	1	1694	1883	1	1617	1893
ACGTA	1	1597	1778	1	1498	1753
ACGTC	1	853	953	1	818	942
ACGTG	1	1258	1392	1	1182	1367
ACGTT	1	2560	2866	1	2360	2851
ACTAA	1	1581	1760	1	1478	1677
ACTAC	1	797	877	1	774	877
ACTAG	1	1281	1441	1	1206	1396
ACTAT	1	2336	2594	1	2196	2561
ACTCA	1	1370	1551	1	1293	1505
ACTCC	1	676	758	1	661	763
ACTCG	1	1158	1254	1	1118	1251
ACTCT	1	2179	2430	1	2102	2472
ACTGA	1	1627	1786	1	1532	1745
ACTGC	1	920	1024	1	877	1001
ACTGG	1	1946	2149	1	1842	2094
ACTGT	1	2753	3069	1	2615	3116
ACTTA	1	2362	2654	1	2207	2586
ACTTC	1	966	1056	1	898	989
ACTTG	1	2372	2628	1	2240	2564
ACTTT	1	3830	4252	1	3661	4547
AGAAA	1	676	744	1	646	729
AGAAC	1	350	385	1	336	377
AGAAG	1	494	547	1	482	551
AGAAT	1	1137	1249	1	1069	1212
AGACA	1	504	555	1	482	574
AGACC	1	262	302	1	256	299
AGACG	1	513	577	1	492	567
AGACT	1	754	836	1	707	840
AGAGA	1	606	677	1	594	693
AGAGC	1	422	463	1	408	456
AGAGG	1	632	703	1	604	694
AGAGT	1	1074	1200	1	1009	1150
AGATA	1	1133	1247	1	1095	1289
AGATC	1	534	590	1	509	566
AGATG	1	1084	1220	1	1031	1212
AGATT	1	1832	2048	1	1704	2017
AGCAA	1	942	1057	1	899	1046
AGCAC	1	525	565	1	512	565
AGCAG	1	582	658	1	542	624
AGCAT	1	1596	1747	1	1515	1701
AGCCA	1	983	1092	1	933	1066
AGCCC	1	431	477	1	420	479
AGCCG	1	449	501	1	421	480
AGCCT	1	1462	1620	1	1393	1637
AGCGA	1	1082	1194	1	1044	1185
AGCGC	1	472	518	1	455	514
AGCGG	1	885	1014	1	830	983
AGCGT	1	1201	1340	1	1123	1282
AGCTA	1	1329	1488	1	1261	1464
AGCTC	1	739	809	1	696	767
AGCTG	1	1341	1491	1	1265	1472
AGCTT	1	2392	2666	1	2273	2684
AGGAA	1	926	1007	1	904	1047
AGGAC	1	258	284	1	249	282
AGGAG	1	1769	1898	1	1612	1776
AGGAT	1	1615	1782	1	1554	1856
AGGCA	1	1045	1141	1	975	1079
AGGCC	1	506	560	1	490	559
AGGCG	1	1008	1122	1	975	1167
AGGCT	1	1494	1637	1	1405	1588
AGGGA	1	849	940	1	789	895
AGGGC	1	500	554	1	477	539
AGGGG	1	1142	1274	1	1084	1250
AGGGT	1	1622	1803	1	1516	1829
AGGTA	1	1743	1936	1	1638	1916
AGGTC	1	732	809	1	689	782
AGGTG	1	1422	1602	1	1320	1518
AGGTT	1	2819	3129	1	2553	2930
AGTAA	1	1551	1709	1	1427	1659
AGTAC	1	767	857	1	733	837
AGTAG	1	1375	1520	1	1302	1507
AGTAT	1	2519	2831	1	2331	2847
AGTCA	1	1243	1374	1	1196	1422
AGTCC	1	600	666	1	568	645
AGTCG	1	1229	1369	1	1156	1328
AGTCT	1	2077	2314	1	1917	2397
AGTGA	1	840	930	1	785	889
AGTGC	1	657	733	1	639	740
AGTGG	1	1094	1199	1	1031	1182
AGTGT	1	1524	1696	1	1446	1720
AGTTA	1	2247	2520	1	2147	2594
AGTTC	1	607	670	1	567	637
AGTTG	1	2116	2345	1	2037	2476
AGTTT	1	3497	3900	1	3276	4106
ATAAA	1	1725	1916	1	1610	1819
ATAAC	1	905	1015	1	876	1008
ATAAG	1	1350	1505	1	1274	1460
ATAAT	1	2856	3208	1	2709	3305
ATACA	1	1675	1855	1	1570	1835
ATACC	1	836	908	1	797	888
ATACG	1	1151	1271	1	1083	1218
ATACT	1	2765	3073	1	2604	2999
ATAGA	1	1405	1553	1	1330	1531
ATAGC	1	875	953	1	852	968
ATAGG	1	1509	1699	1	1425	1686
ATAGT	1	2476	2747	1	2307	2719
ATATA	1	2869	3186	1	2661	3077
ATATC	1	1367	1529	1	1328	1595
ATATG	1	2313	2573	1	2141	2508
ATATT	1	4609	5176	1	4392	5691
ATCAA	1	1495	1661	1	1381	1558
ATCAC	1	848	946	1	828	972
ATCAG	1	931	1040	1	884	1004
ATCAT	1	2514	2832	1	2299	2727
ATCCA	1	1456	1628	1	1393	1737
ATCCC	1	553	610	1	525	586
ATCCG	1	481	523	1	451	501
ATCCT	1	2300	2592	1	2122	2572
ATCGA	1	1661	1836	1	1604	2130
ATCGC	1	819	906	1	772	876
ATCGG	1	1494	1675	1	1375	1578
ATCGT	1	2613	2908	1	2480	2990
ATCTA	1	2299	2574	1	2152	2752
ATCTC	1	1158	1296	1	1074	1244
ATCTG	1	2112	2346	1	2030	2433
ATCTT	1	4031	4530	1	3637	4506
ATGAA	1	1530	1701	1	1435	1681
ATGAC	1	584	638	1	560	624
ATGAG	1	643	671	1	610	734
ATGAT	1	2457	2703	1	2290	2693
ATGCA	1	1971	2193	1	1874	2221
ATGCC	1	927	1024	1	898	1037
ATGCG	1	1791	1990	1	1660	1907
ATGCT	1	2604	2851	1	2450	2914
ATGGA	1	2117	2353	1	1967	2248
ATGGC	1	1033	1149	1	988	1150
ATGGG	1	1876	2079	1	1811	2197
ATGGT	1	3449	3854	1	3153	3684
ATGTA	1	3230	3591	1	3040	3609
ATGTC	1	1544	1722	1	1447	1677
ATGTG	1	2358	2631	1	2246	2716
ATGTT	1	5152	5748	1	4662	5528
ATTAA	1	2866	3197	1	2741	3340
ATTAC	1	1585	1768	1	1470	1709
ATTAG	1	2488	2728	1	2306	2683
ATTAT	1	4921	5581	1	4505	5683
ATTCA	1	1917	2133	1	1744	1983
ATTCC	1	1023	1120	1	991	1170
ATTCG	1	2418	2706	1	2302	2693
ATTCT	1	3579	4011	1	3348	4144
ATTGA	1	2981	3309	1	2784	3300
ATTGC	1	1651	1810	1	1517	1698
ATTGG	1	3107	3457	1	2938	3488
ATTGT	1	5409	6015	1	4864	5740
ATTTA	1	5230	5898	1	4944	6456
ATTTC	1	2344	2627	1	2206	2613
ATTTG	1	4469	5023	1	4092	5070
ATTTT	1	8448	9540	1	7673	10142
CAAAA	1	560	611	1	538	612
CAAAC	1	332	366	1	318	354
CAAAG	1	547	588	1	533	593
CAAAT	1	1064	1176	1	1028	1176
CAACA	1	592	643	1	566	621
CAACC	1	269	303	1	261	307
CAACG	1	434	474	1	426	520
CAACT	1	1001	1094	1	961	1076
CAAGA	1	501	559	1	482	552
CAAGC	1	336	377	1	329	374
CAAGG	1	670	738	1	636	706
CAAGT	1	947	1058	1	921	1104
CAATA	1	1041	1164	1	993	1161
CAATC	1	547	616	1	513	592
CAATG	1	1027	1144	1	998	1184
CAATT	1	1775	1984	1	1636	1870
CACAA	1	569	629	1	557	639
CACAC	1	346	384	1	328	367
CACAG	1	390	424	1	378	416
CACAT	1	1128	1251	1	1091	1257
CACCA	1	536	598	1	516	585
CACCC	1	233	254	1	225	248
CACCG	1	273	298	1	259	289
CACCT	1	833	911	1	790	873
CACGA	1	610	668	1	583	660
CACGC	1	342	371	1	331	371
CACGG	1	649	730	1	625	715
CACGT	1	928	1022	1	896	1040
CACTA	1	898	1002	1	854	973
CACTC	1	458	506	1	439	488
CACTG	1	877	971	1	838	938
CACTT	1	1548	1710	1	1462	1741
CAGAA	1	704	792	1	679	785
CAGAC	1	228	257	1	219	254
CAGAG	1	696	746	1	676	790
CAGAT	1	1127	1254	1	1046	1201
CAGCA	1	821	921	1	776	888
CAGCC	1	398	432	1	387	435
CAGCG	1	846	944	1	800	929
CAGCT	1	1164	1285	1	1104	1275
CAGGA	1	806	893	1	754	855
CAGGC	1	402	434	1	390	442
CAGGG	1	878	989	1	840	978
CAGGT	1	1398	1550	1	1289	1463
CAGTA	1	1190	1336	1	1151	1380
CAGTC	1	658	731	1	624	714
CAGTG	1	1238	1368	1	1181	1408
CAGTT	1	1949	2156	1	1864	2294
CATAA	1	1233	1362	1	1172	1371
CATAC	1	656	729	1	620	699
CATAG	1	1175	1306	1	1114	1307
CATAT	1	2051	2271	1	1912	2229
CATCA	1	1109	1213	1	1053	1183
CATCC	1	577	633	1	560	630
CATCG	1	1158	1294	1	1116	1306
CATCT	1	1711	1904	1	1580	1844
CATGA	1	1211	1322	1	1131	1283
CATGC	1	683	760	1	669	784
CATGG	1	1254	1413	1	1199	1419
CATGT	1	2194	2437	1	2035	2344
CATTA	1	2042	2250	1	1982	2340
CATTC	1	832	921	1	780	885
CATTG	1	1990	2199	1	1824	2046
CATTT	1	3615	4038	1	3374	4001
CCAAA	1	479	526	1	468	532
CCAAC	1	245	279	1	238	273
CCAAG	1	458	504	1	441	491
CCAAT	1	786	871	1	743	846
CCACA	1	473	520	1	447	509
CCACC	1	228	251	1	219	244
CCACG	1	468	524	1	457	529
CCACT	1	762	830	1	728	803
CCAGA	1	404	458	1	391	452
CCAGC	1	275	308	1	263	297
CCAGG	1	591	658	1	582	679
CCAGT	1	843	927	1	792	892
CCATA	1	835	939	1	785	903
CCATC	1	437	489	1	420	478
CCATG	1	839	940	1	797	913
CCATT	1	1482	1656	1	1442	1793
CCCAA	1	345	376	1	330	370
CCCAC	1	242	268	1	235	315
CCCAG	1	382	431	1	364	419
CCCAT	1	721	804	1	703	812
CCCCA	1	177	191	1	171	189
CCCCC	1	71	81	1	69	83
CCCCG	1	248	269	1	238	259
CCCCT	1	392	430	1	375	424
CCCGA	1	419	468	1	405	459
CCCGC	1	204	236	1	199	234
CCCGG	1	449	493	1	429	476
CCCGT	1	670	740	1	642	726
CCCTA	1	557	615	1	535	622
CCCTC	1	268	290	1	263	295
CCCTG	1	615	673	1	587	650
CCCTT	1	977	1080	1	924	1062
CCGAA	1	546	602	1	536	611
CCGAC	1	250	282	1	238	270
CCGAG	1	635	694	1	594	657
CCGAT	1	991	1096	1	951	1092
CCGCA	1	582	665	1	561	659
CCGCC	1	256	280	1	253	287
CCGCG	1	466	526	1	442	510
CCGCT	1	842	938	1	807	928
CCGGA	1	488	536	1	463	516
CCGGC	1	310	347	1	294	332
CCGGG	1	300	332	1	288	321
CCGGT	1	938	1049	1	888	1013
CCGTA	1	924	1033	1	877	1011
CCGTC	1	451	501	1	441	512
CCGTG	1	688	746	1	665	739
CCGTT	1	1523	1694	1	1422	1640
CCTAA	1	702	777	1	661	742
CCTAC	1	413	448	1	403	440
CCTAG	1	783	883	1	758	917
CCTAT	1	1164	1309	1	1120	1356
CCTCA	1	667	732	1	642	727
CCTCC	1	343	367	1	335	360
CCTCG	1	774	854	1	739	835
CCTCT	1	1058	1171	1	1004	1152
CCTGA	1	809	897	1	770	877
CCTGC	1	418	454	1	403	456
CCTGG	1	886	961	1	826	916
CCTGT	1	1421	1597	1	1375	1626
CCTTA	1	1137	1268	1	1061	1227
CCTTC	1	571	628	1	560	637
CCTTG	1	1285	1414	1	1240	1450
CCTTT	1	2127	2385	1	1952	2328
CGAAA	1	637	700	1	613	684
CGAAC	1	280	308	1	279	316
CGAAG	1	453	507	1	434	494
CGAAT	1	1026	1126	1	969	1068
CGACA	1	541	595	1	513	572
CGACC	1	219	239	1	212	232
CGACG	1	270	307	1	262	303
CGACT	1	914	1012	1	890	1028
CGAGA	1	519	578	1	499	570
CGAGC	1	306	339	1	292	326
CGAGG	1	537	584	1	516	576
CGAGT	1	920	1017	1	888	1022
CGATA	1	1062	1183	1	1026	1191
CGATC	1	607	664	1	596	670
CGATG	1	843	949	1	805	942
CGATT	1	1727	1939	1	1605	1985
CGCAA	1	590	658	1	556	630
CGCAC	1	319	361	1	311	361
CGCAG	1	363	412	1	351	409
CGCAT	1	933	1028	1	886	1012
CGCCA	1	510	564	1	488	557
CGCCC	1	209	232	1	201	227
CGCCG	1	251	289	1	242	286
CGCCT	1	772	858	1	731	831
CGCGA	1	577	647	1	562	659
CGCGC	1	264	289	1	258	295
CGCGG	1	456	489	1	445	545
CGCGT	1	791	876	1	759	864
CGCTA	1	841	931	1	807	919
CGCTC	1	403	455	1	394	448
CGCTG	1	680	773	1	645	761
CGCTT	1	1443	1595	1	1386	1602
CGGAA	1	695	764	1	671	763
CGGAC	1	296	322	1	294	323
CGGAG	1	904	1005	1	868	1055
CGGAT	1	1185	1333	1	1097	1320
CGGCA	1	727	805	1	702	794
CGGCC	1	350	383	1	334	367
CGGCG	1	584	642	1	568	646
CGGCT	1	1109	1232	1	1045	1192
CGGGA	1	417	471	1	398	460
CGGGC	1	260	287	1	255	284
CGGGG	1	494	537	1	473	542
CGGGT	1	878	980	1	828	1009
CGGTA	1	1199	1355	1	1144	1353
CGGTC	1	533	591	1	509	575
CGGTG	1	936	1038	1	880	1007
CGGTT	1	1798	1995	1	1736	2138
CGTAA	1	1152	1270	1	1088	1244
CGTAC	1	536	602	1	514	597
CGTAG	1	946	1046	1	915	1061
CGTAT	1	1803	2022	1	1658	1965
CGTCA	1	880	973	1	858	1000
CGTCC	1	437	476	1	419	459
CGTCG	1	774	853	1	732	843
CGTCT	1	1491	1671	1	1405	1649
CGTGA	1	868	960	1	821	925
CGTGC	1	494	548	1	477	533
CGTGG	1	1091	1197	1	1032	1157
CGTGT	1	1680	1890	1	1570	1839
CGTTA	1	1764	1948	1	1657	1875
CGTTC	1	463	512	1	451	518
CGTTG	1	1645	1838	1	1546	1777
CGTTT	1	2544	2827	1	2395	2870
CTAAA	1	852	950	1	820	952
CTAAC	1	440	488	1	429	483
CTAAG	1	752	843	1	710	818
CTAAT	1	1575	1772	1	1464	1708
CTACA	1	970	1073	1	937	1070
CTACC	1	405	447	1	393	448
CTACG	1	645	723	1	618	736
CTACT	1	1580	1746	1	1482	1687
CTAGA	1	846	940	1	808	910
CTAGC	1	505	561	1	484	544
CTAGG	1	995	1093	1	941	1058
CTAGT	1	1599	1783	1	1478	1748
CTATA	1	1567	1734	1	1469	1718
CTATC	1	794	883	1	748	854
CTATG	1	1470	1652	1	1406	1670
CTATT	1	2769	3069	1	2600	3128
CTCAA	1	877	981	1	838	958
CTCAC	1	496	548	1	486	547
CTCAG	1	513	562	1	499	571
CTCAT	1	1585	1751	1	1498	1706
CTCCA	1	674	758	1	645	735
CTCCC	1	322	354	1	312	348
CTCCG	1	250	291	1	237	296
CTCCT	1	1086	1238	1	1009	1172
CTCGA	1	972	1075	1	949	1087
CTCGC	1	483	547	1	466	543
CTCGG	1	836	928	1	789	894
CTCGT	1	1776	1958	1	1724	1993
CTCTA	1	1478	1662	1	1376	1596
CTCTC	1	754	836	1	733	840
CTCTG	1	1138	1289	1	1053	1237
CTCTT	1	2353	2663	1	2261	2859
CTGAA	1	911	1020	1	858	984
CTGAC	1	351	403	1	337	394
CTGAG	1	281	292	1	237	251
CTGAT	1	1506	1687	1	1438	1706
CTGCA	1	1097	1229	1	1061	1239
CTGCC	1	383	428	1	364	413
CTGCG	1	923	1050	1	879	1059
CTGCT	1	1687	1861	1	1604	1911
CTGGA	1	1000	1123	1	943	1098
CTGGC	1	596	658	1	573	662
CTGGG	1	954	1075	1	918	1097
CTGGT	1	1897	2104	1	1779	2080
CTGTA	1	1783	1980	1	1677	1927
CTGTC	1	875	957	1	820	922
CTGTG	1	1598	1772	1	1542	1871
CTGTT	1	3069	3493	1	2834	3419
CTTAA	1	1492	1667	1	1402	1709
CTTAC	1	617	682	1	588	666
CTTAG	1	1301	1460	1	1192	1377
CTTAT	1	2536	2860	1	2429	3045
CTTCA	1	1025	1157	1	953	1084
CTTCC	1	375	425	1	346	398
CTTCG	1	846	974	1	806	1100
CTTCT	1	1603	1869	1	1467	3163
CTTGA	1	1577	1735	1	1475	1666
CTTGC	1	790	877	1	747	854
CTTGG	1	1505	1680	1	1401	1629
CTTGT	1	2949	3313	1	2806	3416
CTTTA	1	2507	2808	1	2307	2757
CTTTC	1	965	1072	1	886	1023
CTTTG	1	1924	2200	1	1770	2223
CTTTT	1	4211	4769	1	3851	5275
GAAAA	1	905	990	1	862	976
GAAAC	1	516	575	1	506	585
GAAAG	1	759	858	1	724	836
GAAAT	1	1664	1839	1	1551	1761
GAACA	1	886	994	1	845	1039
GAACC	1	484	523	1	473	523
GAACG	1	584	640	1	557	624
GAACT	1	1367	1501	1	1276	1427
GAAGA	1	557	619	1	521	590
GAAGC	1	387	420	1	375	415
GAAGG	1	905	1052	1	867	1171
GAAGT	1	1190	1338	1	1118	1308
GAATA	1	1387	1544	1	1296	1501
GAATC	1	755	837	1	737	857
GAATG	1	1429	1571	1	1337	1492
GAATT	1	2456	2735	1	2332	2805
GACAA	1	799	882	1	756	858
GACAC	1	440	485	1	430	478
GACAG	1	644	713	1	614	692
GACAT	1	1367	1507	1	1327	1575
GACCA	1	785	870	1	763	884
GACCC	1	396	440	1	386	438
GACCG	1	515	567	1	498	559
GACCT	1	1125	1258	1	1073	1270
GACGA	1	572	644	1	549	625
GACGC	1	339	377	1	326	377
GACGG	1	699	786	1	659	762
GACGT	1	743	822	1	680	771
GACTA	1	1069	1170	1	1003	1133
GACTC	1	572	634	1	550	618
GACTG	1	1117	1243	1	1056	1192
GACTT	1	1973	2230	1	1835	2180
GAGAA	1	799	877	1	762	855
GAGAC	1	327	360	1	322	361
GAGAG	1	986	1087	1	929	1059
GAGAT	1	1197	1324	1	1112	1268
GAGCA	1	954	1048	1	923	1040
GAGCC	1	584	642	1	568	632
GAGCG	1	1009	1118	1	986	1151
GAGCT	1	993	1103	1	967	1165
GAGGA	1	930	1043	1	880	1007
GAGGC	1	537	601	1	514	583
GAGGG	1	1165	1308	1	1121	1316
GAGGT	1	1690	1867	1	1593	1827
GAGTA	1	1540	1700	1	1449	1660
GAGTC	1	733	817	1	715	827
GAGTG	1	1252	1412	1	1172	1553
GAGTT	1	2550	2808	1	2351	2655
GATAA	1	1542	1707	1	1450	1666
GATAC	1	913	1003	1	871	993
GATAG	1	1718	1906	1	1643	1951
GATAT	1	2099	2358	1	1968	2354
GATCA	1	1076	1174	1	999	1139
GATCC	1	497	551	1	478	547
GATCG	1	1392	1554	1	1292	1482
GATCT	1	1356	1546	1	1251	1695
GATGA	1	1470	1625	1	1385	1592
GATGC	1	848	937	1	810	904
GATGG	1	1890	2130	1	1763	2082
GATGT	1	2154	2401	1	2083	2611
GATTA	1	2266	2533	1	2152	2598
GATTC	1	1091	1204	1	1040	1204
GATTG	1	2525	2837	1	2437	2996
GATTT	1	3701	4168	1	3412	4110
GCAAA	1	1065	1178	1	1007	1140
GCAAC	1	528	595	1	511	597
GCAAG	1	861	953	1	808	911
GCAAT	1	1649	1811	1	1594	1838
GCACA	1	952	1057	1	918	1085
GCACC	1	488	543	1	467	522
GCACG	1	796	884	1	761	875
GCACT	1	1391	1520	1	1311	1470
GCAGA	1	616	675	1	583	652
GCAGC	1	381	413	1	370	404
GCAGG	1	888	992	1	869	1022
GCAGT	1	1064	1190	1	992	1203
GCATA	1	1638	1814	1	1590	1873
GCATC	1	816	900	1	778	894
GCATG	1	1426	1588	1	1364	1606
GCATT	1	2613	2933	1	2390	2843
GCCAA	1	861	944	1	814	921
GCCAC	1	428	465	1	416	456
GCCAG	1	785	853	1	760	880
GCCAT	1	1465	1619	1	1385	1668
GCCCA	1	659	727	1	624	696
GCCCC	1	261	291	1	255	286
GCCCG	1	469	513	1	444	497
GCCCT	1	1109	1236	1	1066	1215
GCCGA	1	644	715	1	619	706
GCCGC	1	303	337	1	292	327
GCCGG	1	696	751	1	664	728
GCCGT	1	965	1096	1	934	1382
GCCTA	1	1235	1381	1	1190	1377
GCCTC	1	648	718	1	625	696
GCCTG	1	1145	1301	1	1079	1258
GCCTT	1	1913	2127	1	1826	2200
GCGAA	1	687	754	1	658	736
GCGAC	1	349	384	1	339	376
GCGAG	1	661	723	1	636	728
GCGAT	1	1087	1225	1	1062	1252
GCGCA	1	871	969	1	847	955
GCGCC	1	379	421	1	371	428
GCGCG	1	578	637	1	553	622
GCGCT	1	1031	1151	1	983	1119
GCGGA	1	793	881	1	754	857
GCGGC	1	368	415	1	355	409
GCGGG	1	731	805	1	696	788
GCGGT	1	1232	1393	1	1146	1341
GCGTA	1	1508	1701	1	1426	1692
GCGTC	1	675	751	1	647	728
GCGTG	1	1022	1147	1	999	1195
GCGTT	1	2228	2488	1	2078	2445
GCTAA	1	1337	1492	1	1237	1436
GCTAC	1	667	725	1	633	699
GCTAG	1	1175	1283	1	1096	1215
GCTAT	1	2083	2328	1	1930	2240
GCTCA	1	910	1013	1	887	1026
GCTCC	1	478	522	1	470	517
GCTCG	1	899	1005	1	862	1006
GCTCT	1	1095	1236	1	1023	1187
GCTGA	1	1171	1311	1	1126	1331
GCTGC	1	634	696	1	614	686
GCTGG	1	1386	1528	1	1335	1538
GCTGT	1	2029	2248	1	1894	2158
GCTTA	1	2106	2338	1	1966	2305
GCTTC	1	893	1002	1	855	1006
GCTTG	1	1808	2015	1	1696	2016
GCTTT	1	3132	3501	1	2964	3549
GGAAA	1	1208	1362	1	1171	1411
GGAAC	1	624	679	1	584	642
GGAAG	1	802	862	1	752	825
GGAAT	1	1869	2080	1	1736	1999
GGACA	1	716	788	1	696	795
GGACC	1	365	403	1	347	386
GGACG	1	757	830	1	724	824
GGACT	1	1060	1174	1	997	1138
GGAGA	1	1000	1105	1	951	1088
GGAGC	1	497	555	1	479	548
GGAGG	1	1041	1158	1	1003	1167
GGAGT	1	1647	1850	1	1546	1874
GGATA	1	1972	2180	1	1827	2061
GGATC	1	809	905	1	783	918
GGATG	1	1832	2054	1	1721	2047
GGATT	1	3016	3349	1	2885	3510
GGCAA	1	1354	1471	1	1307	1481
GGCAC	1	764	843	1	737	832
GGCAG	1	871	992	1	836	987
GGCAT	1	2137	2377	1	2018	2337
GGCCA	1	1198	1309	1	1167	1334
GGCCC	1	524	576	1	504	565
GGCCG	1	791	880	1	765	971
GGCCT	1	1826	2032	1	1697	1923
GGCGA	1	1102	1229	1	1033	1183
GGCGC	1	559	608	1	538	605
GGCGG	1	1065	1165	1	1011	1136
GGCGT	1	1443	1601	1	1385	1653
GGCTA	1	1672	1862	1	1553	1801
GGCTC	1	780	855	1	736	818
GGCTG	1	1637	1846	1	1579	1908
GGCTT	1	2918	3266	1	2667	3084
GGGAA	1	1221	1339	1	1153	1299
GGGAC	1	598	671	1	574	652
GGGAG	1	1707	1846	1	1642	1918
GGGAT	1	2097	2331	1	1955	2313
GGGCA	1	1188	1319	1	1142	1346
GGGCC	1	584	644	1	571	644
GGGCG	1	1365	1517	1	1278	1455
GGGCT	1	1553	1774	1	1457	1749
GGGGA	1	1257	1404	1	1199	1432
GGGGC	1	591	654	1	567	634
GGGGG	1	1256	1417	1	1166	1352
GGGGT	1	2207	2461	1	2058	2528
GGGTA	1	1862	2104	1	1778	2167
GGGTC	1	874	975	1	844	999
GGGTG	1	1126	1257	1	1049	1249
GGGTT	1	3261	3637	1	3000	3556
GGTAA	1	2060	2319	1	1946	2356
GGTAC	1	1031	1142	1	986	1178
GGTAG	1	2260	2510	1	2057	2471
GGTAT	1	3459	3837	1	3231	3882
GGTCA	1	1418	1587	1	1324	1534
GGTCC	1	797	877	1	754	840
GGTCG	1	2154	2432	1	2068	2559
GGTCT	1	2147	2401	1	2071	2511
GGTGA	1	1242	1393	1	1139	1321
GGTGC	1	606	676	1	572	643
GGTGG	1	1726	1925	1	1623	1898
GGTGT	1	2550	2849	1	2387	2868
GGTTA	1	2820	3160	1	2708	3442
GGTTC	1	712	781	1	654	736
GGTTG	1	3047	3403	1	2729	3151
GGTTT	1	4310	4883	1	3954	4924
GTAAA	1	1869	2083	1	1761	2086
GTAAC	1	957	1072	1	931	1094
GTAAG	1	1712	1887	1	1620	1900
GTAAT	1	3145	3525	1	2935	3611
GTACA	1	1630	1815	1	1557	1845
GTACC	1	875	970	1	848	969
GTACG	1	1552	1737	1	1490	1797
GTACT	1	2605	2894	1	2388	2823
GTAGA	1	1546	1748	1	1424	1643
GTAGC	1	766	837	1	726	822
GTAGG	1	1858	2074	1	1731	2002
GTAGT	1	2405	2661	1	2197	2544
GTATA	1	3031	3377	1	2750	3267
GTATC	1	1310	1469	1	1227	1445
GTATG	1	2638	2936	1	2376	2857
GTATT	1	4840	5444	1	4451	5474
GTCAA	1	1380	1548	1	1323	1676
GTCAC	1	777	873	1	747	860
GTCAG	1	813	912	1	773	912
GTCAT	1	2185	2396	1	1974	2236
GTCCA	1	1342	1486	1	1263	1430
GTCCC	1	611	697	1	577	676
GTCCG	1	542	606	1	510	592
GTCCT	1	2115	2366	1	2044	2432
GTCGA	1	1364	1530	1	1277	1513
GTCGC	1	708	775	1	665	768
GTCGG	1	1272	1434	1	1236	1614
GTCGT	1	2207	2448	1	2066	2491
GTCTA	1	1934	2171	1	1851	2284
GTCTC	1	1025	1118	1	970	1104
GTCTG	1	2079	2317	1	1950	2291
GTCTT	1	3344	3779	1	3066	3823
GTGAA	1	1094	1209	1	1050	1186
GTGAC	1	640	718	1	628	749
GTGAG	1	798	846	1	706	760
GTGAT	1	1948	2154	1	1849	2170
GTGCA	1	1166	1293	1	1087	1222
GTGCC	1	541	615	1	520	608
GTGCG	1	1200	1354	1	1152	1372
GTGCT	1	1297	1465	1	1210	1455
GTGGA	1	1206	1344	1	1148	1343
GTGGC	1	607	665	1	582	661
GTGGG	1	677	756	1	638	747
GTGGT	1	1929	2150	1	1760	2030
GTGTA	1	1402	1554	1	1346	1621
GTGTC	1	851	945	1	805	913
GTGTG	1	470	529	1	445	541
GTGTT	1	2937	3312	1	2780	3493
GTTAA	1	2704	3044	1	2477	2888
GTTAC	1	1491	1660	1	1387	1617
GTTAG	1	2531	2811	1	2416	2936
GTTAT	1	4502	5079	1	4066	5049
GTTCA	1	1494	1656	1	1447	1751
GTTCC	1	910	1009	1	850	957
GTTCG	1	2207	2459	1	2027	2395
GTTCT	1	2454	2731	1	2280	2714
GTTGA	1	2395	2676	1	2203	2605
GTTGC	1	910	1008	1	841	948
GTTGG	1	2706	3004	1	2516	2932
GTTGT	1	3705	4174	1	3488	4551
GTTTA	1	3950	4424	1	3583	4236
GTTTC	1	2048	2299	1	1891	2234
GTTTG	1	3973	4504	1	3682	4744
GTTTT	1	6999	7940	1	6169	7892
TAAAA	1	573	625	1	562	628
TAAAC	1	339	373	1	330	368
TAAAG	1	616	665	1	606	669
TAAAT	1	1152	1306	1	1088	1262
TAACA	1	657	741	1	639	736
TAACC	1	402	453	1	389	442
TAACG	1	404	446	1	383	420
TAACT	1	1161	1296	1	1132	1345
TAAGA	1	496	549	1	473	533
TAAGC	1	394	436	1	377	424
TAAGG	1	687	740	1	672	754
TAAGT	1	1031	1144	1	977	1093
TAATA	1	1134	1235	1	1053	1159
TAATC	1	584	645	1	552	697
TAATG	1	1000	1125	1	960	1097
TAATT	1	2017	2258	1	1950	2347
TACAA	1	656	751	1	625	756
TACAC	1	435	476	1	423	467
TACAG	1	420	467	1	409	460
TACAT	1	1276	1419	1	1226	1428
TACCA	1	699	776	1	668	761
TACCC	1	341	378	1	334	374
TACCG	1	271	303	1	267	314
TACCT	1	1141	1252	1	1090	1235
TACGA	1	602	669	1	575	651
TACGC	1	281	314	1	268	301
TACGG	1	725	799	1	702	805
TACGT	1	884	982	1	829	948
TACTA	1	1152	1288	1	1085	1247
TACTC	1	649	712	1	628	702
TACTG	1	1085	1216	1	1035	1195
TACTT	1	2146	2406	1	2052	2459
TAGAA	1	754	860	1	727	857
TAGAC	1	379	408	1	365	399
TAGAG	1	557	601	1	495	542
TAGAT	1	1272	1426	1	1196	1389
TAGCA	1	1004	1116	1	979	1152
TAGCC	1	522	579	1	507	576
TAGCG	1	789	889	1	759	926
TAGCT	1	1572	1776	1	1495	1815
TAGGA	1	905	1003	1	876	1013
TAGGC	1	581	638	1	557	619
TAGGG	1	916	1027	1	861	999
TAGGT	1	1629	1830	1	1528	1859
TAGTA	1	1556	1733	1	1457	1811
TAGTC	1	756	846	1	732	851
TAGTG	1	1415	1578	1	1310	1577
TAGTT	1	2406	2705	1	2238	2875
TATAA	1	1356	1496	1	1280	1433
TATAC	1	675	755	1	655	750
TATAG	1	1079	1185	1	1039	1238
TATAT	1	2218	2450	1	2050	2401
TATCA	1	1309	1455	1	1242	1429
TATCC	1	762	851	1	734	833
TATCG	1	955	1056	1	903	1043
TATCT	1	2114	2372	1	1939	2397
TATGA	1	1320	1470	1	1238	1417
TATGC	1	894	996	1	851	973
TATGG	1	1316	1455	1	1273	1486
TATGT	1	2336	2573	1	2228	2610
TATTA	1	2355	2619	1	2229	2635
TATTC	1	1035	1148	1	985	1147
TATTG	1	1894	2109	1	1764	2065
TATTT	1	4039	4534	1	3703	4599
TCAAA	1	834	928	1	794	908
TCAAC	1	440	486	1	425	485
TCAAG	1	753	819	1	731	823
TCAAT	1	1410	1559	1	1356	1590
TCACA	1	826	910	1	799	902
TCACC	1	417	459	1	403	446
TCACG	1	565	642	1	549	663
TCACT	1	1285	1413	1	1224	1381
TCAGA	1	570	622	1	545	604
TCAGC	1	350	394	1	339	390
TCAGG	1	785	877	1	743	846
TCAGT	1	1134	1261	1	1097	1288
TCATA	1	1368	1521	1	1289	1476
TCATC	1	798	878	1	753	897
TCATG	1	1168	1300	1	1100	1299
TCATT	1	2426	2714	1	2304	2702
TCCAA	1	634	701	1	608	692
TCCAC	1	332	368	1	316	352
TCCAG	1	536	592	1	506	566
TCCAT	1	1145	1281	1	1106	1318
TCCCA	1	535	594	1	512	587
TCCCC	1	154	175	1	149	172
TCCCG	1	321	361	1	309	358
TCCCT	1	897	1002	1	842	966
TCCGA	1	442	505	1	411	501
TCCGC	1	232	256	1	217	243
TCCGG	1	492	561	1	465	570
TCCGT	1	726	822	1	675	896
TCCTA	1	1006	1110	1	940	1093
TCCTC	1	503	556	1	487	550
TCCTG	1	741	828	1	695	796
TCCTT	1	1589	1783	1	1464	1713
TCGAA	1	676	733	1	647	721
TCGAC	1	369	415	1	361	416
TCGAG	1	709	785	1	688	800
TCGAT	1	1083	1200	1	1011	1182
TCGCA	1	712	797	1	672	770
TCGCC	1	314	352	1	309	362
TCGCG	1	518	583	1	489	590
TCGCT	1	970	1082	1	942	1109
TCGGA	1	682	758	1	669	780
TCGGC	1	398	451	1	381	439
TCGGG	1	436	484	1	420	474
TCGGT	1	1308	1466	1	1233	1439
TCGTA	1	1134	1272	1	1089	1281
TCGTC	1	580	643	1	545	618
TCGTG	1	1003	1118	1	935	1086
TCGTT	1	1758	1979	1	1672	2174
TCTAA	1	1210	1341	1	1170	1381
TCTAC	1	349	380	1	336	366
TCTAG	1	1104	1248	1	1063	1261
TCTAT	1	2018	2278	1	1873	2171
TCTCA	1	1220	1351	1	1148	1299
TCTCC	1	412	454	1	393	444
TCTCG	1	658	758	1	636	795
TCTCT	1	1930	2187	1	1845	2342
TCTGA	1	1049	1146	1	994	1143
TCTGC	1	579	657	1	566	692
TCTGG	1	1105	1234	1	1039	1183
TCTGT	1	1779	2016	1	1638	2079
TCTTA	1	2160	2409	1	1995	2436
TCTTC	1	745	839	1	707	818
TCTTG	1	1531	1733	1	1454	1786
TCTTT	1	3694	4200	1	3399	4669
TGAAA	1	766	854	1	743	883
TGAAC	1	405	456	1	391	453
TGAAG	1	589	645	1	567	627
TGAAT	1	1226	1349	1	1136	1278
TGACA	1	696	760	1	671	760
TGACC	1	361	397	1	350	395
TGACG	1	279	300	1	267	292
TGACT	1	1042	1159	1	971	1099
TGAGA	1	673	740	1	647	745
TGAGC	1	439	497	1	416	478
TGAGG	1	614	699	1	590	687
TGAGT	1	1176	1346	1	1131	1531
TGATA	1	1203	1330	1	1143	1295
TGATC	1	727	796	1	693	764
TGATG	1	1040	1167	1	1020	1221
TGATT	1	2032	2262	1	1880	2189
TGCAA	1	1125	1262	1	1100	1294
TGCAC	1	553	599	1	528	575
TGCAG	1	590	643	1	552	621
TGCAT	1	1769	1986	1	1669	1949
TGCCA	1	878	977	1	829	946
TGCCC	1	384	429	1	375	427
TGCCG	1	396	442	1	378	430
TGCCT	1	1493	1642	1	1426	1636
TGCGA	1	1144	1261	1	1124	1287
TGCGC	1	549	613	1	532	616
TGCGG	1	892	995	1	846	951
TGCGT	1	1559	1746	1	1474	1791
TGCTA	1	1665	1859	1	1589	1861
TGCTC	1	726	814	1	698	793
TGCTG	1	1234	1370	1	1203	1488
TGCTT	1	2631	2957	1	2418	2854
TGGAA	1	984	1099	1	908	1036
TGGAC	1	422	461	1	400	440
TGGAG	1	1040	1120	1	921	1021
TGGAT	1	1590	1759	1	1517	1867
TGGCA	1	1071	1173	1	1016	1149
TGGCC	1	528	594	1	518	610
TGGCG	1	898	994	1	862	1045
TGGCT	1	1612	1789	1	1514	1749
TGGGA	1	776	853	1	727	879
TGGGC	1	522	576	1	494	573
TGGGG	1	685	766	1	646	788
TGGGT	1	1335	1480	1	1256	1487
TGGTA	1	1653	1839	1	1557	1822
TGGTC	1	808	891	1	781	909
TGGTG	1	1568	1771	1	1478	1787
TGGTT	1	2653	3021	1	2491	3138
TGTAA	1	2140	2382	1	2025	2365
TGTAC	1	980	1094	1	940	1088
TGTAG	1	1016	1125	1	942	1091
TGTAT	1	3176	3564	1	3059	3774
TGTCA	1	1724	1906	1	1617	1869
TGTCC	1	782	865	1	741	836
TGTCG	1	1472	1654	1	1362	1569
TGTCT	1	2907	3231	1	2660	3160
TGTGA	1	1600	1792	1	1496	1856
TGTGC	1	639	707	1	618	738
TGTGG	1	1619	1798	1	1529	1806
TGTGT	1	3196	3554	1	2882	3480
TGTTA	1	2933	3274	1	2675	3108
TGTTC	1	894	988	1	857	984
TGTTG	1	3038	3395	1	2795	3530
TGTTT	1	4604	5161	1	4207	5033
TTAAA	1	1254	1382	1	1202	1396
TTAAC	1	668	741	1	635	710
TTAAG	1	1417	1579	1	1362	1575
TTAAT	1	2315	2581	1	2211	2648
TTACA	1	1552	1711	1	1439	1633
TTACC	1	608	685	1	573	651
TTACG	1	703	782	1	665	772
TTACT	1	2224	2501	1	2109	2526
TTAGA	1	1384	1548	1	1303	1477
TTAGC	1	825	914	1	796	916
TTAGG	1	1362	1507	1	1278	1459
TTAGT	1	2263	2505	1	2142	2600
TTATA	1	2337	2616	1	2207	2608
TTATC	1	1250	1384	1	1208	1432
TTATG	1	1846	2067	1	1702	2100
TTATT	1	4152	4632	1	3798	4486
TTCAA	1	1673	1852	1	1613	1843
TTCAC	1	785	852	1	754	826
TTCAG	1	695	780	1	678	806
TTCAT	1	2573	2896	1	2459	2911
TTCCA	1	809	905	1	792	929
TTCCC	1	347	386	1	334	376
TTCCG	1	164	183	1	157	175
TTCCT	1	1131	1259	1	1057	1264
TTCGA	1	1244	1401	1	1179	1372
TTCGC	1	564	626	1	542	619
TTCGG	1	1454	1608	1	1399	1596
TTCGT	1	1906	2144	1	1758	2057
TTCTA	1	2149	2387	1	2007	2330
TTCTC	1	1073	1185	1	1021	1155
TTCTG	1	1327	1469	1	1246	1436
TTCTT	1	3999	4465	1	3787	4668
TTGAA	1	1797	1989	1	1686	1917
TTGAC	1	733	802	1	708	792
TTGAG	1	743	782	1	716	845
TTGAT	1	2563	2877	1	2381	2817
TTGCA	1	1658	1842	1	1553	1762
TTGCC	1	748	836	1	708	807
TTGCG	1	862	961	1	830	980
TTGCT	1	2761	3085	1	2515	2953
TTGGA	1	1288	1444	1	1232	1465
TTGGC	1	726	805	1	689	800
TTGGG	1	1149	1291	1	1070	1233
TTGGT	1	2201	2456	1	2085	2582
TTGTA	1	2775	3114	1	2523	2999
TTGTC	1	1365	1505	1	1247	1409
TTGTG	1	2397	2639	1	2223	2549
TTGTT	1	4688	5339	1	4362	5770
TTTAA	1	2578	2869	1	2360	2756
TTTAC	1	1509	1651	1	1430	1673
TTTAG	1	2606	2919	1	2531	3131
TTTAT	1	4408	4939	1	4025	4889
TTTCA	1	2631	2951	1	2483	3002
TTTCC	1	917	1035	1	850	1002
TTTCG	1	1193	1341	1	1102	1361
TTTCT	1	4169	4709	1	3948	4913
TTTGA	1	3157	3521	1	2969	3516
TTTGC	1	1654	1823	1	1593	1906
TTTGG	1	3015	3354	1	2877	3411
TTTGT	1	4711	5335	1	4211	5278
TTTTA	1	4662	5227	1	4167	4976
TTTTC	1	2823	3152	1	2556	3043
TTTTG	1	3715	4218	1	3358	4140
TTTTT	1	9330	10811	1	8902	12214
